message_id,should_recommend,categories,recommended_product_id,confidence,second_product_id,second_confidence,third_product_id,third_confidence,reasoning
M001,False,,,,,,,,"The user expressed satisfaction with a product they already own, not an intent to purchase."
M002,True,"Yoga, Fitness, Home",P006,0.95,P007,0.85,P010,0.5,"The Lululemon Yoga Mat and Manduka Pro Yoga Mat are the best choices for hot yoga due to their superior grip and density, respectively, with yoga blocks as a supplementary item."
M003,True,"Electronics, Laptops, Audio",P017,0.95,P018,0.9,P020,0.7,"The user needs a replacement laptop charger, so the USB-C Charger (P017) and MagSafe Charger (P018) are the most direct solutions, with the USB-C cable (P020) as a supplementary option."
M004,True,"Headphones, Electronics, Audio",P021,0.98,P022,0.96,P025,0.75,"The Sony WH-1000XM5 and Bose QuietComfort 45 are top-tier noise-cancelling headphones ideal for travel, with the Beats Studio3 offering a slightly lower-tier but still capable option."
M005,False,,,,,,,,"The user is expressing dissatisfaction with a product they already own, indicating no immediate purchase intent. They are complaining about a USB-C charger, which falls under 'Electronics', but there's no indication they are looking to buy a new one."
M006,True,"Running Shoes, Fitness, Wearables",P001,0.95,P004,0.9,P002,0.85,"The Nike Air Zoom Pegasus offers a great balance of lightweight design and responsive cushioning for beginners, while the Brooks Ghost 15 provides smooth transitions and excellent comfort, and the Adidas Ultraboost 22 delivers premium energy return for those seeking a more advanced feel."
M007,False,,,,,,,,"The user is expressing satisfaction with a product they already own, not indicating an intent to purchase."
M008,True,"Camping, Outerwear, Water Bottles",P051,0.95,P052,0.9,P054,0.85,"These three products represent the core essentials for a camping trip: shelter (tent), warmth (sleeping bag), and carrying capacity (backpack)."
M009,False,,,,,,,,"The user is expressing a negative opinion about a product they have likely already purchased, rather than indicating an intent to buy a new one."
M010,True,"Water Bottles, Camping, Fitness",P032,0.98,P031,0.96,P034,0.94,"The Hydro Flask 32oz, Stanley Adventure Quencher, and YETI Rambler 26oz are all highly-rated, insulated water bottles specifically designed to keep drinks cold all day, making them the top choices for the user's request."
M011,True,"Fitness, Yoga, Home",P043,0.95,P045,0.85,P044,0.75,"Resistance bands, suspension trainers, and adjustable dumbbells are the most direct and versatile options for home workouts, offering a range of exercises at good value."
M012,False,,,,,,,,The user is expressing satisfaction with their current product and does not indicate a desire to purchase anything.
M013,True,"Laptops, Electronics, Tablets",P015,0.9,P012,0.75,P049,0.6,"The HP Pavilion 15 is the most budget-friendly laptop suitable for basic tasks, followed by the MacBook Air 13"" M2 and the iPad 10th Gen, which offer a good balance of features and price for students."
M014,True,"Yoga, Fitness, Home",P006,0.95,P007,0.85,P010,0.5,"The user is dissatisfied with a slippery yoga mat and needs a replacement with superior grip, followed by another high-quality yoga mat, and then a yoga accessory for improved practice."
M015,True,"Fitness, Electronics, Wearables",P041,0.98,P043,0.6,P045,0.55,"The Theragun Prime is the most direct match for a massage gun for sore muscles, followed by the resistance bands and suspension trainer which can help with muscle conditioning and recovery."
M016,True,"Wearables, Fitness, Electronics",P056,0.95,P057,0.85,P058,0.75,"The Fitbit Charge 6 is a direct fit as a dedicated fitness tracker, followed by the Apple Watch Series 9 and Garmin Forerunner 255 which are smartwatches with strong health tracking capabilities, all with excellent ratings."
M017,False,,,,,,,,The user is expressing satisfaction with a product they already own and does not indicate an intent to purchase anything.
M018,True,"Home, Kitchen, Electronics",P071,0.95,P073,0.85,P074,0.75,"The Dyson V15, Shark Navigator, and Bissell CrossWave are the top recommendations as they are all vacuum cleaners specifically designed for home use, with the Dyson and Shark having particularly high ratings and being well-suited for pet hair challenges."
M019,True,"Workwear, Camping, Outerwear",P066,0.9,P068,0.85,P069,0.75,"The user had a negative experience with work boots falling apart, so durable workwear items like a work jacket, work pants, and work gloves are recommended as they are from brands known for durability and have high ratings."
M020,True,"Electronics, Tablets, Audio",P046,0.98,P050,0.75,P047,0.5,"The Kindle Paperwhite is the most relevant e-reader, followed by the Remarkable 2 which is an e-ink tablet, and the iPad Air as a more general tablet option."
M021,True,"Electronics, Audio, Camping",P017,0.95,P018,0.8,P020,0.65,"P017 offers high-power charging suitable for various devices, P018 is a fast Apple-compatible option, and P020 is a durable cable to complement either charger for travel needs."
M022,False,,,,,,,,"The user expressed enjoyment of a product they already own, but did not indicate any intent to purchase."
M023,True,"Kitchen, Home, Electronics",P038,0.98,P039,0.6,P036,0.4,"The KitchenAid Stand Mixer is the best fit for bread baking due to its specialization, followed by the Cuisinart Food Processor which can also knead dough, and then the Instant Pot Duo which offers a dough setting as a secondary function."
M024,False,,,,,,,,"The user is expressing dissatisfaction with a product they have likely already purchased, indicating a negative sentiment rather than purchase intent."
M025,True,"Outerwear, Camping, Fitness",P029,0.95,P027,0.7,P026,0.55,"The Arc'teryx Shell is the best technical rain jacket, followed by the North Face Fleece for layering in wet conditions, and the Patagonia Down Jacket for overall warmth in unpredictable weather."
M026,True,"Headphones, Audio, Electronics",P024,0.9,P025,0.7,P021,0.6,"The JBL Tune 510BT are the most direct match for wireless earbuds, followed by the Beats Studio3 and Sony WH-1000XM5 which are also wireless headphones with strong ratings."
M027,False,,,,,,,,The user is expressing satisfaction with a product they already own and does not indicate any intent to purchase.
M028,True,"Camping, Outerwear, Fitness",P052,0.98,P026,0.7,P027,0.5,"The P052 is a direct match for a cold weather sleeping bag, while P026 and P027 offer warm outerwear options that can complement a sleeping bag for ultimate cold weather comfort."
M029,True,"Laptops, Electronics, Tablets",P011,0.95,P013,0.9,P012,0.85,"The top recommendations are high-performance laptops (MacBook Pro M3, Dell XPS 13, MacBook Air M2) that directly address the user's complaint about their current laptop being slow."
M030,True,"Audio, Electronics, Laptops",P064,0.98,P061,0.95,P062,0.9,"The Shure SM7B is a legendary broadcast microphone, the Blue Yeti is a highly-rated professional USB microphone, and the Rode PodMic is a dynamic podcasting microphone, all directly matching the user's request for a professional podcasting microphone."
M031,True,"Camping, Water Bottles, Outerwear",P054,0.98,P032,0.75,P034,0.7,"The Backpacking Backpack 65L is the most relevant product for long hiking trips, complemented by two highly-rated water bottles to stay hydrated on the go."
M032,False,,,,,,,,"The user is stating a fact about their current product, not expressing a need or desire to purchase a new product."
M033,True,"Electronics, Home, Wearables",P077,0.95,P080,0.9,P079,0.5,"The Nest Thermostat and Ecobee SmartThermostat are direct matches for smart thermostats with excellent ratings, while the Philips Hue Starter Kit offers smart home control, albeit for lighting."
M034,True,"Outerwear, Camping, Workwear",P026,0.98,P027,0.75,P066,0.7,"The Patagonia Down Jacket is the top recommendation due to its specific mention of 'warm down jacket', followed by the North Face Fleece for warmth and layering potential, and the Carhartt Work Jacket for durability and warmth, all with good ratings."
M035,True,"Wearables, Electronics, Fitness",P056,0.95,P057,0.8,P058,0.65,"The top recommendations are fitness trackers and smartwatches that are known for good battery life and comprehensive features, directly addressing the user's complaint about their current tracker's battery dying too fast."
M036,True,"Yoga, Fitness, Home",P010,0.95,P006,0.4,P007,0.35,"The 'Yoga Blocks Set' directly meets the user's request for yoga blocks, while the yoga mats are secondary but still relevant accessories for practice."
M037,True,"Camping, Kitchen, Electronics",P051,0.9,P054,0.75,P052,0.6,"The Camping Tent, Backpacking Backpack, and Sleeping Bag are the most relevant to camping and are highly rated, aligning with the user's request for camping gear."
M038,False,,,,,,,,The user is expressing satisfaction with their current product and does not indicate any intent to purchase.
M039,True,"Tablets, Electronics, Laptops",P050,0.98,P047,0.9,P049,0.85,"The Remarkable 2 is specifically designed for note-taking, followed by the iPad Air and iPad 10th Gen which are versatile tablets suitable for note-taking with additional functionality."
M040,True,"Camping, Outerwear, Water Bottles",P051,0.9,P052,0.6,P054,0.4,"The user's tent leaked, so a new tent (P051) is the most relevant recommendation, followed by other camping gear like a sleeping bag (P052) and backpack (P054) that are well-rated and might be part of a larger camping setup."
M041,True,"Fitness, Home, Electronics",P044,0.95,P043,0.8,P045,0.65,"The Bowflex Dumbbells are a direct match for adjustable dumbbells, followed by the Resistance Bands Set and TRX Suspension trainer, which are versatile home gym equipment."
M042,True,"Wearables, Electronics, Fitness",P058,1.0,P057,0.75,P056,0.7,"The Garmin Forerunner 255 is the most relevant as it's a dedicated GPS running watch, followed by the Apple Watch Series 9 and Fitbit Charge 6 which also offer GPS and fitness tracking features."
M043,True,"Fitness, Wearables, Audio",P045,0.98,P043,0.85,P041,0.7,"Given the user loves their TRX suspension trainer, the TRX Home Suspension is a perfect match, followed by portable resistance bands that complement suspension training, and a percussive therapy device for muscle recovery after workouts."
M044,True,"Kitchen, Home, Water Bottles",P076,0.98,P035,0.4,P032,0.35,"The Brita Water Filter is a direct match for a water filter pitcher, while the Nalgene and Hydro Flask are considered as alternatives for carrying filtered water due to their popularity and good ratings."
M045,False,,,,,,,,The user is expressing a negative sentiment about a product and does not indicate any intent to purchase.
M046,True,"Workwear, Camping, Outerwear",,,,,,,None of the available products match the user's request for steel-toe work boots.
M047,True,"Headphones, Audio, Electronics",P021,0.95,P022,0.85,P025,0.7,"The Sony WH-1000XM5 and Bose QuietComfort 45 are premium noise-cancelling headphones ideal for focused music production, while the Beats Studio3 offers a strong wireless option with good ratings."
M048,False,,,,,,,,The user is stating a fact about their current possession and is not expressing a need or desire to purchase anything.
M049,True,"Electronics, Laptops, Audio",P011,0.4,P012,0.3,P013,0.2,"The user needs a wireless mouse, and while no mice are listed, the top laptop recommendations are provided as potential complementary purchases to a laptop that would likely use a wireless mouse."
M050,False,,,,,,,,"The user is complaining about a buggy thermostat app, indicating a problem with their current product rather than an intent to purchase a new one."
M051,True,"Running Shoes, Fitness, Outerwear",P002,0.95,P001,0.9,P004,0.85,"These three running shoes are highly rated and specifically mention cushioning or responsive cushioning, with Ultraboost 22 offering maximum energy return and Pegasus and Ghost 15 providing excellent responsive and smooth cushioning respectively."
M052,True,"Water Bottles, Camping, Fitness",P034,0.95,P032,0.9,P031,0.85,"These three insulated water bottles offer excellent durability, insulation, and high ratings, making them ideal for keeping water cold during hikes, with the YETI Rambler offering the best combination of durability and rating at a good price."
M053,False,,,,,,,,The user is expressing satisfaction with their current product and does not indicate any intent to purchase a new item.
M054,True,"Laptops, Electronics, Tablets",P015,0.9,P012,0.7,P049,0.5,"The HP Pavilion 15 is the most relevant due to its explicit 'budget-friendly for basic tasks' description, followed by the MacBook Air for its everyday usability at a mid-range price, and the iPad 10th Gen as an affordable tablet option for basic use."
M055,True,"Home, Electronics, Audio",P071,0.9,P073,0.85,P074,0.75,"The user is experiencing issues with their current robot vacuum getting stuck, so we recommend higher-end vacuums that are less likely to have this problem due to advanced navigation and features. P071 is a premium option with laser detection, P073 is a well-rated upright vacuum, and P074 offers a vacuum and mop combo."
M056,True,"Camping, Outerwear, Water Bottles",P051,0.9,P054,0.7,P052,0.5,"The Camping Tent 4-Person is the most relevant as it's the only tent available, followed by the Backpacking Backpack which is essential for carrying gear, and the Sleeping Bag as it's a key camping item."
M057,True,"Yoga, Fitness, Home",P007,0.95,P006,0.9,P010,0.55,"The Manduka Pro and Lululemon mats are the top recommendations due to their thickness and comfort for yoga, followed by yoga blocks which can enhance comfort and support."
M058,False,,,,,,,,"The user is expressing satisfaction with a product they already own, not indicating a desire to purchase something new."
M059,True,"Workwear, Camping, Home",P070,0.98,P069,0.75,P068,0.6,"The Milwaukee Tool Belt is the most direct match, followed by durable work gloves and work pants, all essential for construction work."
M060,True,"Electronics, Audio, Laptops",P020,0.9,P017,0.75,P018,0.6,"The user needs a replacement charger cable, making P020 the most direct match due to its description as a durable charging cable, followed by general high-power and Apple-compatible chargers."
M061,True,"Tablets, Electronics, Audio",P049,0.9,P047,0.8,P046,0.5,"The iPad 10th Gen and iPad Air 5th Gen are the most suitable tablets for kids due to their versatility and app ecosystems, while the Kindle Paperwhite is a secondary option for reading-focused entertainment."
M062,True,"Outerwear, Camping, Workwear",P027,0.95,P066,0.6,P026,0.4,"The North Face Fleece is the best match as it's explicitly designed for layering, followed by the Carhartt Work Jacket which can also serve as a warm layer, and lastly the Patagonia Down Jacket which is a warm outer layer but less ideal as a primary layering piece."
M063,False,,,,,,,,The user is expressing satisfaction with their current product (Kindle Paperwhite battery life) and does not indicate any intent to purchase a new product.
M064,True,"Home, Electronics, Audio",P077,0.75,P080,0.7,P079,0.6,"While no direct security cameras are listed, the smart home devices like thermostats and lighting systems (P077, P080, P079) are the closest related products that could integrate with a home security setup, given their high ratings and relevance to home automation."
M065,True,"Kitchen, Electronics, Audio",P039,0.9,P038,0.7,P037,0.6,"The user is complaining about a loud food processor, so the Cuisinart Food Processor (P039) is the most direct replacement, followed by other high-quality kitchen appliances like the KitchenAid Stand Mixer (P038) and Ninja Air Fryer (P037) as potential alternatives for someone looking for quieter kitchen solutions."
M066,True,"Camping, Home, Outerwear",P055,0.9,P051,0.5,P052,0.4,"P055 is the most relevant as it is a camping chair, and P051 and P052 are secondary recommendations as they are camping gear that might be useful for tailgating."
M067,True,"Wearables, Electronics, Fitness",P057,0.95,P058,0.85,P056,0.75,"The Apple Watch Series 9, Garmin Forerunner 255, and Fitbit Charge 6 are the top recommendations as they are all smartwatches or dedicated fitness trackers explicitly designed for fitness tracking, with high ratings and varying price points to suit different needs."
M068,False,,,,,,,,The user is commenting on an existing product ('My down vest is perfect for fall') and does not express an intent to purchase.
M069,True,"Electronics, Audio, Headphones",P065,0.98,P061,0.85,P062,0.7,"The Focusrite Scarlett is the most direct match for a USB audio interface, followed by the Blue Yeti and Rode PodMic which are USB microphones that can serve as audio input devices for recording."
M070,True,"Home, Electronics, Kitchen",P071,0.95,P073,0.85,P074,0.75,"The user is experiencing a lack of suction with their current vacuum, so the top recommendations are high-quality vacuums from reputable brands, with the Dyson V15 being the most advanced, followed by the Shark Navigator and Bissell CrossWave."
M071,True,"Workwear, Outerwear, Kitchen",P068,0.95,P066,0.7,P069,0.5,"The Dickies Work Pants are the most direct match for durable work pants, followed by the Carhartt Work Jacket which is also known for durability in workwear, and then Dickies Work Gloves which are heavy-duty and durable for manual tasks."
M072,True,"Laptops, Electronics, Audio",P017,0.95,P018,0.85,P011,0.7,"The P017 USB-C Charger 100W directly addresses the need for a high-power charger, followed by the P018 MagSafe Charger 67W which is also a charger with decent power, and lastly the P011 MacBook Pro 14"" M3 as it comes with a charger capable of high power output."
M073,False,,,,,,,,The user is expressing satisfaction with a product they already own (Bowflex dumbbells) and its space-saving benefits. There is no indication of a desire to purchase anything new.
M074,True,"Home, Electronics, Audio",P079,1.0,P077,0.4,P080,0.3,"The Philips Hue Starter Kit is a direct match for smart light bulbs, while the Nest Thermostat and Ecobee SmartThermostat are smart home devices that might appeal to someone interested in smart lighting."
M075,True,"Audio, Electronics, Headphones",P064,0.95,P062,0.85,P061,0.75,"The Shure SM7B, Rode PodMic, and Blue Yeti Microphone are recommended because they are professional microphones designed to minimize background noise and provide clear audio, with the SM7B and PodMic being dynamic microphones that excel in rejecting ambient sound."
M076,True,"Wearables, Electronics, Fitness",P060,0.9,P057,0.75,P056,0.6,"The Whoop Strap 4.0 is the most relevant for sleep tracking, while the Apple Watch Series 9 and Fitbit Charge 6 offer comprehensive health tracking that includes sleep."
M077,True,"Water Bottles, Fitness, Camping",P035,0.98,P032,0.85,P034,0.8,"The Nalgene Wide Mouth is a direct match as a classic BPA-free water bottle, while the Hydro Flask and YETI Rambler are also excellent insulated water bottles with high ratings that are typically BPA-free, offering premium options."
M078,False,,,,,,,,"The user is stating a fact about their current product, not expressing a desire to purchase a new one."
M079,True,"Headphones, Electronics, Fitness",P024,0.9,P021,0.7,P022,0.6,"The JBL Tune 510BT is the best fit for gym use due to its wireless nature and budget-friendly price, while the Sony WH-1000XM5 and Bose QuietComfort 45 offer premium wireless audio experiences, albeit at a higher cost."
M080,True,"Camping, Outerwear, Workwear",P052,0.98,P054,0.7,P051,0.6,"The user needs a replacement for a broken sleeping bag, making P052 the most relevant, followed by other camping gear like a backpack and tent, as they are related to the activity where a sleeping bag is used."
M081,True,"Kitchen, Home, Electronics",P038,0.99,P039,0.6,P037,0.4,"The KitchenAid Stand Mixer is the perfect match for a professional stand mixer, with the Cuisinart Food Processor and Ninja Air Fryer being strong secondary options for related kitchen tasks."
M082,True,"Home, Electronics, Kitchen",P071,0.98,P073,0.85,P075,0.7,"The Dyson V15 and Shark Navigator are excellent cordless vacuums with high ratings, while the Black+Decker Dustbuster is a more lightweight, handheld option for quick cleanups."
M083,False,,,,,,,,"The user is expressing satisfaction with a product they already own, indicating no immediate purchase intent."
M084,True,"Fitness, Home, Yoga",P043,0.95,P045,0.75,P044,0.55,"The Resistance Bands Set (P043) is a direct match for home workouts, followed by the TRX Home Suspension (P045) which offers a versatile bodyweight workout system, and Bowflex Dumbbells (P044) for additional strength training options."
M085,False,,,,,,,,The user is expressing dissatisfaction with a product's quality and does not indicate an intent to purchase a new product.
M086,True,"Audio, Electronics, Laptops",P061,0.98,P062,0.95,P064,0.85,"The Blue Yeti, Rode PodMic, and Shure SM7B are all highly-rated USB microphones specifically suited for podcasting, offering excellent quality for their price points."
M087,True,"Water Bottles, Camping, Kitchen",P031,0.95,P034,0.9,P032,0.85,"The Stanley Adventure Quencher, YETI Rambler 26oz, and Hydro Flask 32oz are the top recommendations because they are explicitly described as insulated tumblers or water bottles and have excellent ratings, prioritizing insulation and durability."
M088,False,,,,,,,,The user is expressing satisfaction with a current product (New Balance shoes) and not indicating any intent to purchase a new product.
M089,True,"Camping, Outerwear, Water Bottles",P054,0.95,P051,0.6,P052,0.55,"The Backpacking Backpack 65L is the most relevant item due to its size and category, followed by camping gear that complements a backpack for outdoor activities."
M090,True,"Wearables, Electronics, Fitness",P057,0.9,P056,0.7,P058,0.5,"The user is experiencing issues with a smartwatch app, so the top recommendations are smartwatches and fitness trackers that are known for good software performance and reliability."
M091,True,"Headphones, Audio, Electronics",P024,0.9,P021,0.7,P022,0.65,"The JBL Tune 510BT is the only explicitly budget noise-cancelling headphone, while the Sony WH-1000XM5 and Bose QuietComfort 45 are premium options that offer excellent noise-cancelling performance at a higher price point."
M092,True,"Electronics, Laptops, Audio",P017,0.95,P018,0.9,P020,0.7,"The USB-C Charger 100W and MagSafe Charger 67W offer fast charging for MacBooks, with the USB-C cable being a necessary accessory."
M093,False,,,,,,,,"The user is commenting on the durability of their existing YETI Rambler, not expressing an intent to purchase a new product."
M094,True,"Wearables, Fitness, Electronics",P060,0.98,P057,0.85,P056,0.8,"The Whoop Strap 4.0 is the most direct match for fitness strap recovery tracking, while the Apple Watch Series 9 and Fitbit Charge 6 also offer robust health and fitness tracking capabilities with recovery metrics."
M095,True,"Yoga, Fitness, Home",P006,0.9,P007,0.85,P010,0.4,"The Lululemon Yoga Mat and Manduka Pro Yoga Mat are the top recommendations as they are yoga mats and highly rated, while the Yoga Blocks Set is a lower confidence suggestion as it's an accessory rather than a mat, but still yoga-related."
M096,True,"Outerwear, Camping, Workwear",P029,0.95,P066,0.7,P026,0.55,"The Arc'teryx Shell is the top recommendation as it's explicitly a shell jacket, followed by the Carhartt Work Jacket which is durable and likely has water-resistant properties, and lastly the Patagonia Down Jacket for warmth and general outerwear functionality."
M097,True,"Camping, Home, Outdoor Gear",P051,1.0,P052,0.7,P054,0.5,"P051 is the only tent, P052 is a sleeping bag for camping, and P054 is a backpack, all relevant camping gear for a family."
M098,False,,,,,,,,The user is stating a benefit of a product they already own and does not express purchase intent for new products.
M099,True,"Workwear, Camping, Home",P069,0.98,P068,0.85,P066,0.7,"The Dewalt Work Gloves are a perfect match for heavy-duty work, followed by Dickies Work Pants and Carhartt Work Jacket which are also high-quality workwear suitable for demanding tasks."
M100,True,"Laptops, Electronics, Audio",P011,0.95,P012,0.9,P013,0.85,"The top recommendations are high-quality laptops with excellent trackpads, addressing the user's issue directly, with the MacBook Pro and Air being particularly known for their superior trackpad experiences, followed by the premium Dell XPS."
M101,True,"Yoga, Fitness, Home",P006,0.95,P007,0.8,P010,0.6,"The Lululemon Yoga Mat is the top recommendation due to its suitability for beginners and excellent rating, followed by the Manduka Pro for its high quality, and then the Yoga Blocks as a complementary accessory for beginners."
M102,True,"Running Shoes, Fitness, Wearables",P005,0.95,P004,0.7,P001,0.5,"The ASICS Gel-Kayano is the top recommendation as it specifically states it's a stability running shoe, followed by the Brooks Ghost 15 and Nike Air Zoom Pegasus which are neutral but known for good support and cushioning."
M103,False,,,,,,,,The user is commenting on their existing product (Instant Pot) and expressing satisfaction with its ease of use. There is no indication of purchase intent for new products.
M104,True,"Tablets, Electronics, Laptops",P050,0.98,P046,0.6,P047,0.45,"The Remarkable 2 is the top recommendation as it's an e-ink tablet specifically designed for note-taking, followed by the Kindle Paperwhite which also uses e-ink but is primarily an e-reader, and then the iPad Air 5th Gen which is a powerful tablet capable of note-taking but not e-ink."
M105,True,"Kitchen, Home, Electronics",P037,0.95,P036,0.85,P039,0.6,"The top recommendations are kitchen appliances, with the Ninja Air Fryer being the most relevant for replacing a faulty air fryer basket, followed by a multi-function pressure cooker and a food processor as alternative kitchen upgrades."
M106,True,"Laptops, Electronics, Tablets",P011,0.95,P047,0.75,P012,0.6,"The MacBook Pro 14"" M3 is the top recommendation for a powerful M-chip laptop, followed by the M1-chip iPad Air for tablet-based power, and the MacBook Air M2 as a more budget-friendly M-chip laptop option."
M107,True,"Camping, Outerwear, Home",P052,0.98,P026,0.75,P027,0.55,"The top recommendation is a dedicated warm sleeping bag, followed by a very warm jacket and a comfortable layering fleece, all of which can contribute to staying warm while camping."
M108,False,,,,,,,,"The user is making a statement about an existing product (Stanley tumbler) fitting in their cup holder, indicating satisfaction or observation rather than purchase intent for a new product."
M109,True,"Fitness, Wearables, Electronics",P041,0.98,P060,0.7,P056,0.6,"Theragun Prime is a direct match for massage tool muscle recovery, while the Fitbit Charge 6 and Whoop Strap 4.0 offer broader fitness tracking that includes recovery metrics."
M110,True,"Electronics, Audio, Laptops",P017,0.95,P018,0.9,P020,0.7,"The user needs a faster portable charger, so the USB-C Charger 100W and MagSafe Charger 67W are the most relevant, with the Belkin USB-C Cable being a supplementary item to ensure optimal charging."
M111,True,"Laptops, Electronics, Workwear",P011,0.95,P013,0.85,P012,0.75,"The MacBook Pro 14"" M3, Dell XPS 13, and MacBook Air 13"" M2 are the top recommendations as they are all high-quality business laptops with excellent keyboards, offering professional performance, premium features, and good value for their respective price points."
M112,True,"Fitness, Yoga, Home",P045,1.0,P043,0.75,P044,0.4,"P045 directly matches the need for a suspension training system, while P043 and P044 offer alternative strength training options."
M113,False,,,,,,,,"The user is sharing a positive experience about their current product, not expressing a desire to purchase a new one."
M114,True,"Camping, Kitchen, Electronics",P051,0.75,P052,0.6,P054,0.55,"While no camping stoves are available, the Camping Tent, Sleeping Bag, and Backpack are the most relevant camping gear items that align with the user's expressed interest in camping."
M115,True,"Wearables, Fitness, Electronics",P056,0.95,P057,0.8,P058,0.7,"The user is experiencing inaccurate heart rate readings from their fitness tracker, so the top recommendations are fitness trackers with heart rate monitors, ranked by their overall rating and relevance to fitness tracking."
M116,True,"Outerwear, Camping, Workwear",P029,0.9,P026,0.7,P066,0.5,"The Arc'teryx Shell is the best fit for a lightweight, packable rain jacket, followed by the Patagonia Down Jacket which offers warmth and packability though not specifically for rain, and the Carhartt Work Jacket as a durable option though less likely to be lightweight and packable."
M117,True,"Audio, Electronics, Home",P064,0.98,P062,0.9,P061,0.85,"The Shure SM7B is a legendary broadcast microphone, followed by the Rode PodMic and Blue Yeti, all of which are highly-rated professional microphones suitable for broadcast applications."
M118,False,,,,,,,,"The user is making a statement about the durability of their Nalgene bottle, not expressing a desire to purchase a new product."
M119,True,"Audio, Electronics, Headphones",P021,0.95,P022,0.9,P025,0.75,"The Sony WH-1000XM5 and Bose QuietComfort 45 are top-tier noise-cancelling headphones that excel in ANC, while the Beats Studio3 also offers ANC and wireless capabilities, albeit with a slightly lower rating and higher price point."
M120,True,"Workwear, Outerwear, Kitchen",P066,0.95,P029,0.7,P026,0.6,"The Carhartt Work Jacket is the most relevant as it's a direct replacement for a broken work jacket, followed by premium outerwear options with high ratings in case a more general jacket is desired."
M121,True,"Running Shoes, Fitness, Wearables",P005,0.95,P004,0.7,P001,0.6,"The ASICS Gel-Kayano is the top recommendation as it's specifically designed for overpronators, followed by the Brooks Ghost 15 and Nike Air Zoom Pegasus which are good neutral shoes that can sometimes accommodate mild overpronation and offer excellent cushioning and responsiveness."
M122,True,"Tablets, Electronics, Laptops",P047,0.95,P049,0.8,P050,0.7,"The iPad Air 5th Gen and iPad 10th Gen are excellent tablets known for their pen support and overall quality, while the Remarkable 2 is specifically designed for note-taking with pen input."
M123,False,,,,,,,,"The user is expressing satisfaction with an existing product, not indicating an intent to purchase a new one."
M124,True,"Electronics, Home, Audio",P077,0.7,P080,0.6,P079,0.4,"While no direct smart video doorbells are available, smart home devices like thermostats and lighting systems are the closest related category, with the Nest Thermostat and Ecobee SmartThermostat being the most relevant due to their advanced smart home integration and high ratings."
M125,True,"Kitchen, Home",P040,0.7,P038,0.4,P039,0.3,"The user is looking for kitchen utensil sets that feel less cheap, so the OXO Good Grips Set is the most direct match, while the KitchenAid Stand Mixer and Cuisinart Food Processor are high-quality kitchen appliances that might indirectly address a desire for better kitchen tools."
M126,True,"Wearables, Fitness, Electronics",P058,1.0,P057,0.85,P056,0.75,"The Garmin Forerunner 255 is the most relevant due to its explicit 'GPS running watch' description, followed by the Apple Watch Series 9 for its comprehensive health tracking, and the Fitbit Charge 6 as a capable fitness tracker with a heart rate monitor."
M127,True,"Home, Kitchen, Electronics",P073,0.9,P071,0.75,P074,0.6,"The Shark Navigator is the most relevant upright vacuum for pet hair, followed by the Dyson V15 which is a premium cordless option, and the Bissell CrossWave which offers a vacuum and mop combo."
M128,False,,,,,,,,"The user is expressing satisfaction with a product they already own, not indicating an intent to purchase new items."
M129,True,"Running Shoes, Fitness, Wearables",P004,0.98,P001,0.9,P002,0.85,"The Brooks Ghost 15 is the most relevant due to explicitly matching 'neutral running shoes', followed by the Nike Air Zoom Pegasus for its suitability for daily training and cushioning, and the Adidas Ultraboost 22 for its premium features in a neutral shoe category."
M130,True,"Home, Kitchen, Electronics",P071,0.95,P073,0.85,P074,0.75,"These vacuums are highly-rated and offer more power than a typical handheld, addressing the user's complaint of weakness."
M131,True,"Yoga, Fitness, Home",P007,0.98,P006,0.92,P010,0.6,"The Manduka Pro and Lululemon Yoga Mats are specifically designed for studio use and offer high quality and grip, while the Yoga Blocks provide essential support for studio practice."
M132,True,"Laptops, Electronics, Tablets",P013,0.95,P011,0.7,P012,0.6,"The Dell XPS 13 is the top recommendation as it's a premium Windows laptop with a great display, followed by the MacBook Pro and MacBook Air which also have excellent displays but are not Windows laptops."
M133,False,,,,,,,,"The user is providing a statement about their existing product (Whoop strap) and its functionality, not expressing a desire to purchase anything."
M134,True,"Camping, Home, Kitchen",P055,0.95,P051,0.7,P054,0.5,"The top recommendation is a direct match for a folding camp chair, followed by a camping tent which often complements chairs, and a backpacking backpack as a general camping item."
M135,True,"Home, Electronics, Wearables",P080,0.95,P077,0.85,P079,0.6,"The Ecobee SmartThermostat and Nest Thermostat are highly relevant as they are smart thermostats known for learning user schedules, while the Philips Hue Starter Kit offers smart home integration that could complement a smart thermostat."
M136,True,"Electronics, Laptops, Audio",P017,0.98,P011,0.6,P013,0.55,"P017 is the direct match for a 100W charger, while P011 and P013 are high-quality laptops that would likely utilize such a charger."
M137,True,"Water Bottles, Camping, Fitness",P032,0.98,P034,0.95,P031,0.9,"The Hydro Flask 32oz, YETI Rambler 26oz, and Stanley Adventure Quencher are the top recommendations as they are all highly-rated, explicitly insulated water bottles, with the Hydro Flask and YETI offering slightly better ratings."
M138,False,,,,,,,,"The user is providing information about their current Fitbit battery life, not expressing a need or desire to purchase a new product."
M139,True,"Kitchen, Home, Electronics",P037,0.98,P036,0.75,P039,0.5,"The Ninja Air Fryer is the most relevant, followed by the Instant Pot Duo which is a multi-function kitchen appliance, and then the Cuisinart Food Processor as a kitchen tool."
M140,True,"Electronics, Home, Audio",P071,0.7,P073,0.6,P074,0.5,"These vacuums are recommended as potential alternatives to a loud robot vacuum, offering different functionalities and price points while maintaining good ratings."
M141,True,"Camping, Workwear, Outerwear",,,,,,,None of the available products are wool socks for hiking.
M142,True,"Home, Electronics, Kitchen",P071,1.0,P073,0.75,P074,0.65,"The Dyson V15 is the top recommendation as it is a cordless vacuum with excellent ratings and features, followed by the Shark Navigator and Bissell CrossWave which are also vacuums, though not explicitly cordless stick vacuums, they offer good value and ratings."
M143,False,,,,,,,,The user is expressing satisfaction with an existing product (ThinkPad keyboard) and does not indicate any intent to purchase a new product.
M144,True,"Audio, Electronics, Kitchen",P064,0.9,P062,0.8,P061,0.75,"The Shure SM7B, Rode PodMic, and Blue Yeti Microphone are all highly-rated professional audio microphones suitable for studio use, with the Shure SM7B being the most premium option."
M145,True,"Camping, Outerwear, Fitness",P051,0.9,P054,0.7,P052,0.5,"The user is experiencing issues with their camping tent poles, so a new 4-person camping tent with a good rating is the most relevant replacement, followed by a backpacking backpack and sleeping bag which are common camping gear with good ratings."
M146,True,"Camping, Outerwear, Water Bottles",P051,0.9,P052,0.85,P031,0.7,"The top recommendations include a tent for shelter, a sleeping bag for warmth, and a water bottle for hydration, covering essential camping needs with high ratings."
M147,True,"Yoga, Fitness, Home",P006,0.95,P007,0.85,P010,0.6,"The Lululemon Yoga Mat and Manduka Pro Yoga Mat are the top recommendations as they are yoga mats, with the Lululemon potentially being natural rubber, and both have excellent ratings, while the Yoga Blocks are a secondary suggestion as they are also yoga accessories."
M148,False,,,,,,,,The user is stating a fact about their existing product (TRX straps) and does not express any intent to purchase.
M149,True,"Audio, Electronics, Laptops",P061,0.95,P062,0.85,P064,0.75,"The Blue Yeti, Rode PodMic, and Shure SM7B are all highly-rated USB microphones specifically designed for podcasting, directly addressing the user's request."
M150,True,"Electronics, Home, Audio",P077,0.7,P080,0.65,P079,0.5,"While no product directly addresses spotty motion detection for doorbells, the Nest Thermostat, Ecobee SmartThermostat, and Philips Hue Starter Kit are smart home devices that offer advanced sensing and connectivity, potentially allowing for integration or alternative solutions to home monitoring."
